"Address","Occurrences","Meta Description 1","Meta Description 1 Length","Meta Description 1 Pixel Width","Indexability","Indexability Status"
"https://medimotive.de/","1","Manufacturing quality consulting for machining and assembly companies — supplier escalation, ramp-up, OEM complaints, QMS, and regulatory support. 20+ years. Germany.","166","1076","Indexable",""
"https://medimotive.de/qms-audit-regulatory-support.html","1","QMS, audit, regulatory support: VDA 6.3, ISO 13485, EU-MDR, ISO 9001. MediMotive links documented procedures to real shop-floor behaviour.","138","879","Indexable",""
"https://medimotive.de/supplier-quality-complaint-management.html","1","Supplier complaint loops, OEM escalation, and QSV gaps MediMotive closes, starting at the specification gap between purchasing, production, and supplier.","153","958","Indexable",""
"https://medimotive.de/services.html","1","Six manufacturing quality areas: troubleshooting, suppliers, ramp-up, early-phase risk, QMS, regulatory. Shop-floor first, verified case outcomes.","146","884","Indexable",""
"https://medimotive.de/rapid-response-troubleshooting.html","1","Rapid troubleshooting for recurring defects, measurement deadlocks, and the Perfect Part Paradox. MediMotive starts at the real process, not meetings.","150","939","Indexable",""
"https://medimotive.de/about.html","1","Founder background and philosophy: 20+ years in manufacturing quality, supplier escalation, QMS, and regulatory work. Delmenhorst-based, serving Germany.","153","982","Indexable",""
"https://medimotive.de/contact.html","1","Contact MediMotive — direct email for professional conversations about shop-floor quality, supplier escalation, QMS, regulatory affairs, and transition security.","161","978","Indexable",""
"https://medimotive.de/privacy.html","1","How MediMotive handles personal data on this manufacturing-quality evidence hub website. Draft — GDPR review required before publication.","137","876","Non-Indexable","noindex"
"https://medimotive.de/case-studies.html","1","Two verified production outcomes — $1M field exposure reversed through process redesign, and ramp-up from 100 units per year to 1,500 per month in 12 months.","157","1004","Indexable",""
"https://medimotive.de/early-phase-risk-design-for-quality.html","1","Prevent defects before production. MediMotive reviews manufacturability, tolerances, and unspoken customer expectations before the first chip is cut.","149","927","Indexable",""
"https://medimotive.de/ramp-up-process-stability.html","1","When demand outgrows informal processes, quality fails. MediMotive connects line design, supplier co-engineering and validation so scaling keeps stability.","155","957","Indexable",""
"https://medimotive.de/our-approach.html","1","How MediMotive traces manufacturing failures across suppliers, specification gaps, and production so corrective action is clear.","128","789","Indexable",""
"https://medimotive.de/knowledge-gap-transition-security.html","1","One person's critical knowledge is company risk. MediMotive identifies gaps, builds transferable materials, and verifies team independence.","139","853","Indexable",""
"https://medimotive.de/certificates.html","1","20+ qualifications for MediMotive manufacturing quality: VDA 6.3, ISO 13485, EU-MDR, ISO 9001, post-market surveillance, and applied AI in audits.","146","907","Indexable",""
"https://medimotive.de/de/","1","Die Website ist derzeit nicht verfügbar. Bitte versuchen Sie es in Kürze erneut. Die englische Version ist weiterhin zugänglich.","128","759","Non-Indexable","noindex"
"https://medimotive.de/regions.html","1","Regional context for MediMotive's manufacturing-quality evidence hub — Northern Germany, automotive and medical-device manufacturing, and supplier work in Taiwan and the Philippines.","182","1165","Indexable",""
"https://medimotive.de/imprint.html","1","Legal identity and contact information for MediMotive — Björn Seiler, Delmenhorst. Troubleshooting, audit, and manufacturing quality consulting.","144","894","Non-Indexable","noindex"
"https://medimotive.de/work-journey.html","1","Shop-floor and supplier work photos from MediMotive: regulated manufacturing and international quality contexts, anonymised where needed.","137","880","Indexable",""
"https://medimotive.de/case-production-ramp-up.html","1","How production scaled from 100 units per year to 1,500 per month in 12 months — 18,000% demand increase, unchanged exterior, full regulatory compliance, zero quality failures on first shipment.","193","1205","Indexable",""
"https://medimotive.de/case-coated-aluminum-parts.html","1","How a field exposure near $1M was reversed through process redesign — 75% part-cost reduction, lead time from 12 weeks to 5 days, not more inspection.","150","951","Indexable",""
